title,url,venue,database_searched,field,year,total_search_hits,industry_1st_author,micro_view,macro_view
Seven pitfalls to avoid when running controlled experiments on the web,https://dl.acm.org/doi/10.1145/1557019.1557139,KDD,ACM Digital Library,Computer Science,2009,,1,1,0
"Overlapping experiment infrastructure: more, better, faster experimentation",https://dl.acm.org/doi/10.1145/1835804.1835810,KDD,ACM Digital Library,Computer Science,2010,,1,1,0
Trustworthy online controlled experiments: five puzzling outcomes explained,https://dl.acm.org/doi/10.1145/2339530.2339653,KDD,ACM Digital Library,Computer Science,2012,,1,1,0
Improving the sensitivity of online controlled experiments by utilizing pre-experiment data,https://dl.acm.org/doi/10.1145/2433396.2433413,WSDM,ACM Digital Library,Computer Science,2013,,1,1,0
Graph cluster randomization: network exposure to multiple universes,https://dl.acm.org/doi/10.1145/2487575.2487695,KDD,ACM Digital Library,Computer Science,2013,,0,1,0
Online controlled experiments at large scale,https://dl.acm.org/doi/10.1145/2487575.2488217,KDD,ACM Digital Library,Computer Science,2013,,1,1,0
Uncertainty in online experiments with dependent data: an evaluation of bootstrap methods,https://dl.acm.org/doi/10.1145/2487575.2488218,KDD,ACM Digital Library,Computer Science,2013,,1,1,0
Statistical inference in two-stage online controlled experiments with treatment selection and validation,https://dl.acm.org/doi/10.1145/2566486.2568028,WWW,ACM Digital Library,Computer Science,2014,,1,1,0
Seven rules of thumb for web site experimenters,https://dl.acm.org/doi/10.1145/2623330.2623341,KDD,ACM Digital Library,Computer Science,2014,,1,1,0
Practical Aspects of Sensitivity in Online Experimentation with User Engagement Metrics,https://dl.acm.org/doi/10.1145/2806416.2806496,CIKM,ACM Digital Library,Computer Science,2015,,1,1,0
Diluted Treatment Effect Estimation for Trigger Analysis in Online Controlled Experiments,https://dl.acm.org/doi/10.1145/2684822.2685307,WSDM,ACM Digital Library,Computer Science,2015,,1,1,0
Network A/B Testing: From Sampling to Estimation,https://dl.acm.org/doi/10.1145/2736277.2741081,WWW,ACM Digital Library,Computer Science,2015,,1,1,0
Extreme States Distribution Decomposition Method for Search Engine Online Evaluation,https://dl.acm.org/doi/10.1145/2783258.2783415,KDD,ACM Digital Library,Computer Science,2015,,1,1,0
From Infrastructure to Culture: A/B Testing Challenges in Large Scale Social Networks,https://dl.acm.org/doi/10.1145/2783258.2788602,KDD,ACM Digital Library,Computer Science,2015,,1,0,1
Website Optimization Problem and Its Solutions,https://dl.acm.org/doi/10.1145/2783258.2783351,KDD,ACM Digital Library,Computer Science,2015,,1,1,0
Using A/B testing in MOOC environments,https://dl.acm.org/doi/10.1145/2883851.2883876,LAK,ACM Digital Library,Computer Science,2016,,1,1,0
Boosted Decision Tree Regression Adjustment for Variance Reduction in Online Controlled Experiments,https://dl.acm.org/doi/10.1145/2939672.2939688,KDD,ACM Digital Library,Computer Science,2016,,1,1,0
Data-Driven Metric Development for Online Controlled Experiments: Seven Lessons Learned,https://dl.acm.org/doi/10.1145/2939672.2939700,KDD,ACM Digital Library,Computer Science,2016,,1,1,0
Evaluating Mobile Apps with A/B and Quasi A/B Tests,https://dl.acm.org/doi/10.1145/2939672.2939703,KDD,ACM Digital Library,Computer Science,2016,,1,1,0
Improving the Sensitivity of Online Controlled Experiments: Case Studies at Netflix,https://dl.acm.org/doi/10.1145/2939672.2939733,KDD,ACM Digital Library,Computer Science,2016,,1,1,0
Learning Sensitive Combinations of A/B Test Metrics,https://dl.acm.org/doi/10.1145/3018661.3018708,WSDM,ACM Digital Library,Computer Science,2017,,1,1,0
Objective Bayesian Two Sample Hypothesis Testing for Online Controlled Experiments,https://dl.acm.org/doi/abs/10.1145/2740908.2742563?casa_token=CrjT3gUkK8EAAAAA:THfpDQx1JjB3jCjR6DUQnt4Sbh-kUwxI5pMorhusgyowCuYoXyUuVRZKF3GZhScN3tdaS53CeHWM,WWW,ACM Digital Library,Computer Science,2015,,1,1,0
Using the Delay in a Treatment Effect to Improve Sensitivity and Preserve Directionality of Engagement Metrics in A/B Experiments,https://dl.acm.org/doi/10.1145/3038912.3052664,WWW,ACM Digital Library,Computer Science,2017,,1,1,0
A/B Testing at Scale: Accelerating Software Innovation,https://dl.acm.org/doi/10.1145/3077136.3082060,SIGIR,ACM Digital Library,Computer Science,2017,,1,1,0
A Dirty Dozen: Twelve Common Metric Interpretation Pitfalls in Online Controlled Experiments,https://dl.acm.org/doi/10.1145/3097983.3098024,KDD,ACM Digital Library,Computer Science,2017,2466,1,1,0
Detecting Network Effects: Randomizing Over Randomized Experiments,https://dl.acm.org/doi/10.1145/3097983.3098192,KDD,ACM Digital Library,Computer Science,2017,,0,1,0
"Peeking at A/B Tests: Why it matters, and what to do about it",https://dl.acm.org/doi/10.1145/3097983.3097992,KDD,ACM Digital Library,Computer Science,2017,,0,1,0
Offline A/B Testing for Recommender Systems,https://dl.acm.org/doi/10.1145/3159652.3159687,WSDM,ACM Digital Library,Computer Science,2018,,1,1,0
Consistent Transformation of Ratio Metrics for Efficient Online Controlled Experiments,https://dl.acm.org/doi/10.1145/3159652.3159699,WSDM,ACM Digital Library,Computer Science,2018,,1,1,0
Applying the Delta Method in Metric Analytics: A Practical Guide with Novel Ideas,https://dl.acm.org/doi/10.1145/3219819.3219919,KDD,ACM Digital Library,Computer Science,2018,,1,1,0
False Discovery Rate Controlled Heterogeneous Treatment Effect Detection for Online Controlled Experiments,https://dl.acm.org/doi/10.1145/3219819.3219860,KDD,ACM Digital Library,Computer Science,2018,,0,1,0
"SQR: Balancing Speed, Quality and Risk in Online Experiments",https://dl.acm.org/doi/10.1145/3219819.3219875,KDD,ACM Digital Library,Computer Science,2018,,1,1,0
Winner's Curse: Bias Estimation for Total Effects of Features in Online Controlled Experiments,https://dl.acm.org/doi/10.1145/3219819.3219905,KDD,ACM Digital Library,Computer Science,2018,,1,1,0
Beyond A/B Testing: Sequential Randomization for Developing Interventions in Scaled Digital Learning Environments,https://dl.acm.org/doi/10.1145/3303772.3303812,LAK,ACM Digital Library,Computer Science,2019,,0,1,0
How A/B Tests Could Go Wrong: Automatic Diagnosis of Invalid Online Experiments,https://dl.acm.org/doi/10.1145/3289600.3291000,WSDM,ACM Digital Library,Computer Science,2019,,1,1,0
On Heavy-user Bias in A/B Testing,https://dl.acm.org/doi/10.1145/3357384.3358143,CIKM,ACM Digital Library,Computer Science,2019,,0,1,0
Experimentation Pitfalls to Avoid in A/B Testing for Online Personalization,https://dl.acm.org/doi/10.1145/3314183.3323853,UMAP,ACM Digital Library,Computer Science,2019,,0,1,0
Safe velocity: a practical guide to software deployment at scale using controlled rollout,https://dl.acm.org/doi/10.1109/ICSE-SEIP.2019.00010,ICSE-SEIP,ACM Digital Library,Computer Science,2019,,1,1,0
"A Sequential Test for Selecting the Better Variant: Online A/B testing, Adaptive Allocation, and Continuous Monitoring",https://dl.acm.org/doi/10.1145/3289600.3291025,WSDM,ACM Digital Library,Computer Science,2019,,0,1,0
Continuous A/B Testing in Containers,https://dl.acm.org/doi/10.1145/3318236.3318254,ICGDA,ACM Digital Library,Computer Science,2019,,1,1,0
Diagnosing Sample Ratio Mismatch in Online Controlled Experiments: A Taxonomy and Rules of Thumb for Practitioners,https://dl.acm.org/doi/10.1145/3292500.3330722,KDD,ACM Digital Library,Computer Science,2019,,1,1,0
Shrinkage Estimators in Online Experiments,https://dl.acm.org/doi/10.1145/3292500.3330771,KDD,ACM Digital Library,Computer Science,2019,,1,1,0
The Identification and Estimation of Direct and Indirect Effects in A/B Tests through Causal Mediation Analysis,https://dl.acm.org/doi/10.1145/3292500.3330769,KDD,ACM Digital Library,Computer Science,2019,,1,1,0
Variance-Weighted Estimators to Improve Sensitivity in Online Experiments,https://dl.acm.org/doi/10.1145/3391403.3399542,EC,ACM Digital Library,Computer Science,2020,,1,1,0
Causal Meta-Mediation Analysis: Inferring Dose-Response Function From Summary Statistics of Many Randomized Experiments,https://dl.acm.org/doi/10.1145/3394486.3403313,KDD,ACM Digital Library,Computer Science,2020,,0,1,0
A Counterfactual Framework for Seller-Side A/B Testing on Marketplaces,https://dl.acm.org/doi/10.1145/3397271.3401434,SIGIR,ACM Digital Library,Computer Science,2020,,1,1,0
Important Experimentation Characteristics: An Expert Survey,https://dl.acm.org/doi/10.1145/3475716.3484186,ESEM,ACM Digital Library,Computer Science,2021,,0,1,0
Online Experimentation with Surrogate Metrics: Guidelines and a Case Study,https://dl.acm.org/doi/10.1145/3437963.3441737,WSDM,ACM Digital Library,Computer Science,2021,,1,1,0
Network Experimentation at Scale,https://dl.acm.org/doi/10.1145/3447548.3467091,KDD,ACM Digital Library,Computer Science,2021,,1,1,0
On Post-selection Inference in A/B Testing,https://dl.acm.org/doi/10.1145/3447548.3467129,KDD,ACM Digital Library,Computer Science,2021,,1,1,0
Towards the D-Optimal Online Experiment Design for Recommender Selection,https://dl.acm.org/doi/10.1145/3447548.3467192,KDD,ACM Digital Library,Computer Science,2021,,1,1,0
Trustworthy and Powerful Online Marketplace Experimentation with Budget-split Design,https://dl.acm.org/doi/10.1145/3447548.3467193,KDD,ACM Digital Library,Computer Science,2021,,1,1,0
"We need to get rid of significance in A/B testing, seriously!",https://interactions.acm.org/archive/view/march-april-2022/we-need-to-get-rid-of-significance-in-a-b-testing-seriously,Interactions,ACM Digital Library,Industry,2022,,1,1,0
The Lifecycle of Developing Overall Evaluation Criterion in AB Testing for Netflix Messaging,https://dl.acm.org/doi/10.1145/3530019.3534980,EASE,ACM Digital Library,Computer Science,2022,,1,1,0
Debiased Balanced Interleaving at Amazon Search,https://dl.acm.org/doi/10.1145/3511808.3557123,CIKM,ACM Digital Library,Computer Science,2022,,1,1,0
Challenges in applying continuous experimentation: a practitioners' perspective,https://dl.acm.org/doi/10.1145/3510457.3513052,ICSE-SEIP,ACM Digital Library,Computer Science,2022,,0,1,0
A Cluster-Based Nearest Neighbor Matching Algorithm for Enhanced A/A Validation in Online ExperimentatioN,https://dl.acm.org/doi/10.1145/3487553.3524220,WWW,ACM Digital Library,Computer Science,2022,,1,1,0
Beaconnect: continuous web performance A/B testing at scale,https://dl.acm.org/doi/10.14778/3554821.3554833,VLDB,ACM Digital Library,Computer Science,2022,,1,1,0
Ensure A/B Test Quality at Scale with Automated Randomization Validation and Sample Ratio Mismatch Detection,https://dl.acm.org/doi/10.1145/3511808.3557087,CIKM,ACM Digital Library,Computer Science,2022,,1,1,0
Multi Armed Bandit vs. A/B Tests in E-commerce - Confidence Interval and Hypothesis Test Power Perspectives,https://dl.acm.org/doi/10.1145/3534678.3539144,KDD,ACM Digital Library,Computer Science,2022,,1,1,0
Non-stationary A/B Tests,https://dl.acm.org/doi/10.1145/3534678.3539325,KDD,ACM Digital Library,Computer Science,2022,,0,1,0
Zero to Hero: Exploiting Null Effects to Achieve Variance Reduction in Experiments with One-sided Triggering,https://dl.acm.org/doi/10.1145/3539597.3570413,WSDM,ACM Digital Library,Computer Science,2023,,1,1,0
Interleaved Online Testing in Large-Scale Systems,https://dl.acm.org/doi/10.1145/3543873.3587572,WWW,ACM Digital Library,Computer Science,2023,,1,1,0
Near-Optimal Experimental Design Under the Budget Constraint in Online Platforms,https://dl.acm.org/doi/10.1145/3543507.3583528,WWW,ACM Digital Library,Computer Science,2023,,0,1,0
The Price is Right: Removing A/B Test Bias in a Marketplace of Expirable Goods,https://dl.acm.org/doi/10.1145/3583780.3615502,CIKM,ACM Digital Library,Computer Science,2023,,1,1,0
All about Sample-Size Calculations for A/B Testing: Novel Extensions & Practical Guide,https://dl.acm.org/doi/10.1145/3583780.3614779,CIKM,ACM Digital Library,Computer Science,2023,,1,1,0
Detecting Interference in Online Controlled Experiments with Increasing Allocation,https://dl.acm.org/doi/10.1145/3580305.3599308,KDD,ACM Digital Library,Computer Science,2023,,0,1,0
Experimentation Platforms Meet Reinforcement Learning: Bayesian Sequential Decision-Making for Continuous Monitoring,https://dl.acm.org/doi/10.1145/3580305.3599818,KDD,ACM Digital Library,Computer Science,2023,,1,0,1
Variance Reduction Using In-Experiment Data: Efficient and Targeted Online Measurement for Sparse and Delayed Outcomes,https://dl.acm.org/doi/10.1145/3580305.3599928,KDD,ACM Digital Library,Computer Science,2023,,1,1,0
Experimentation Everywhere and Every Day: Running A/B Testing in Corporate Environments,https://dl.acm.org/doi/10.1145/3636447,Interactions,ACM Digital Library,Industry,2024,706,1,1,0
Large-Scale Metric Computation in Online Controlled Experiment Platform,https://dl.acm.org/doi/10.14778/3685800.3685823,,ACM Digital Library,Computer Science,2024,,1,1,0
Metric Decomposition in A/B Tests,https://dl.acm.org/doi/10.1145/3637528.3671556,KDD,ACM Digital Library,Computer Science,2024,,1,1,0
Sequential Optimum Test with Multi-armed Bandits for Online Experimentation,https://dl.acm.org/doi/10.1145/3627673.3680040,CIKM,ACM Digital Library,Computer Science,2024,,0,1,0
Automating Pipelines of A/B Tests with Population Split Using Self-Adaptation and Machine Learning,https://dl.acm.org/doi/10.1145/3643915.3644087,SEAMS,ACM Digital Library,Computer Science,2024,,0,1,0
Choosing a Proxy Metric from Past Experiments,https://dl.acm.org/doi/10.1145/3637528.3671543,KDD,ACM Digital Library,Computer Science,2024,,1,1,0
False Positives in A/B Tests,https://dl.acm.org/doi/10.1145/3637528.3671631,KDD,ACM Digital Library,Computer Science,2024,,1,1,0
Learning Metrics that Maximise Power for Accelerated A/B-Tests,https://dl.acm.org/doi/10.1145/3637528.3671512,KDD,ACM Digital Library,Computer Science,2024,,1,1,0
Variance Reduction in Ratio Metrics for Efficient Online Experiments,https://dl.acm.org/doi/10.1007/978-3-031-56069-9_34,ECIR,ACM Digital Library,Computer Science,2024,,1,1,0
STATE: A Robust ATE Estimator of Heavy-Tailed Metrics for Variance Reduction in Online Controlled Experiments,https://dl.acm.org/doi/10.1145/3637528.3672352,KDD,ACM Digital Library,Computer Science,2024,,1,1,0
Reducing Symbiosis Bias through Better A/B Tests of Recommendation Algorithms,https://dl.acm.org/doi/10.1145/3696410.3714738,WWW,ACM Digital Library,Computer Science,2025,,1,1,0
Producer-Side Experiments Based on Counterfactual Interleaving Designs for Online Recommender Systems,https://dl.acm.org/doi/10.1145/3690624.3709428,KDD,ACM Digital Library,Computer Science,2025,,1,1,0
Know When to Fold: Futility-Aware Early Termination in Online Experiments,https://dl.acm.org/doi/10.1145/3701716.3715241,WWW,ACM Digital Library,Computer Science,2025,,1,1,0
A/B Test and Online Experiment Under Diminishing Marginal Effects: Regret Minimization and Statistical Inference,https://dl.acm.org/doi/10.1145/3711896.3736826,KDD,ACM Digital Library,Computer Science,2025,,0,1,0
A/B Testing Intuition Busters: Common Misunderstandings in Online Controlled Experiments,https://dl.acm.org/action/doSearch?AllField=%28%22A%2FB+test%22+OR+%22A%2FB+testing%22+OR+bandit*%29+AND+%28decision*%29&ConceptID=119664&expand=all&ContentItemType=research-article&startPage=2&pageSize=20,KDD,ACM Digital Library,Computer Science,2025,,1,1,0
Evaluating Decision Rules Across Many Weak Experiments,https://dl.acm.org/doi/10.1145/3711896.3737217,KDD,ACM Digital Library,Computer Science,2025,,1,0,1
"Experimenting, Fast and Slow: Bayesian Optimization of Long-term Outcomes with Online Experiments",https://dl.acm.org/doi/10.1145/3690624.3709419,KDD,ACM Digital Library,Computer Science,2025,,1,1,0
Harnessing the Power of Interleaving and Counterfactual Evaluation for Airbnb Search Ranking,https://dl.acm.org/doi/10.1145/3711896.3737232,KDD,ACM Digital Library,Computer Science,2025,,1,1,0
Online Evaluation Methods for the Causal Effect of Recommendations,https://dl.acm.org/doi/10.1145/3460231.3474235,RecSys,ACM Digital Library,Computer Science,2021,,0,1,0
Learning from Experiments When Context Matters,https://www.aeaweb.org/articles?id=10.1257/aer.p20151016&ArticleSearch%5Bwithin%5D%5Barticletitle%5D=1&ArticleSearch%5Bwithin%5D%5Barticleabstract%5D=1&ArticleSearch%5Bq%5D=experiment&JelClass%5Bvalue%5D=C&journal=1&page=6&per-page=21&from=j,AER,AEA,Economics,2015,,0,1,0
Attention Discrimination: Theory and Field Experiments with Monitoring Information Acquisition,https://www.aeaweb.org/articles?id=10.1257/aer.20140571&ArticleSea,AER,AEA,Economics,2016,,0,1,0
What Can We Learn from Experiments? Understanding the Threats to the Scalability of Experimental Results,https://www.aeaweb.org/articles?id=10.1257/aer.p20171115&ArticleSearch%5Bwithin%5D%5Barticletitle%5D=1&ArticleSearch%5Bwithin%5D%5Barticleabstract%5D=1&ArticleSearch%5Bq%5D=treatment&JelClass%5Bvalue%5D=C&journal=&from=a&page=2&per-page=21&from=j,AER,AEA,Economics,2017,,0,1,0
Empirical Bayes Estimation of Treatment Effects with Many A/B Tests: An Overview,https://www.aeaweb.org/articles?id=10.1257/pandp.20191003&ArticleSearch%5Bwithin%5D%5Barticletitle%5D=1&ArticleSearch%5Bwithin%5D%5Barticleabstract%5D=1&ArticleSearch%5Bq%5D=treatment&JelClass%5Bvalue%5D=C&journal=&from=a&from=j,AEA Papers and Proceedings,AEA,Economics,2019,327,0,0,1
"A Theory of Experimenters: Robustness, Randomization, and Balance",https://www.aeaweb.org/articles?id=10.1257/aer.20171634&ArticleSearch%5Bwithin%5D%5Barticletitle%5D=1&ArticleSearch%5Bwithin%5D%5Barticleabstract%5D=1&ArticleSearch%5Bq%5D=experiment&JelClass%5Bvalue%5D=C&journal=1&page=3&per-page=21&from=j,American Economic Journal: Microeconomics,AEA,Economics,2021,,0,0,1
Strategic Experimentation with Congestion,https://www.aeaweb.org/articles?id=10.1257/mic.20170187&ArticleSearch%5Bwithin%5D%5Barticletitle%5D=1&ArticleSearch%5Bwithin%5D%5Barticleabstract%5D=1&ArticleSearch%5Bq%5D=bandit&JelClass%5Bvalue%5D=C&journal=&from=a&from=j,American Economic Journal: Microeconomics,AEA,Economics,2021,,0,1,0
Optimality of Matched-Pair Designs in Randomized Controlled Trials,https://www.aeaweb.org/articles?id=10.1257/aer.20201856&ArticleSearch%5Bwithin%5D%5Barticletitle%5D=1&ArticleSearch%5Bwithin%5D%5Barticleabstract%5D=1&ArticleSearch%5Bq%5D=randomized&JelClass%5Bvalue%5D=C&journal=&from=a&from=j,AER,AEA,Economics,2022,,0,1,0
Experimentation in Networks,https://www.aeaweb.org/articles?id=10.1257/aer.20230233&ArticleSearch%5Bwithin%5D%5Barticletitle%5D=1&ArticleSearch%5Bwithin%5D%5Barticleabstract%5D=1&ArticleSearch%5Bq%5D=experiment&JelClass%5Bvalue%5D=0&journal=1&page=2&per-page=21&from=j,AER,AEA,Economics,2024,,0,0,1
Treatment Effects in Market Equilibrium,https://www.aeaweb.org/articles?id=10.1257/aer.20230039&ArticleSearch%5Bwithin%5D%5Barticletitle%5D=1&ArticleSearch%5Bwithin%5D%5Barticleabstract%5D=1&ArticleSearch%5Bq%5D=experiment&JelClass%5Bvalue%5D=C&journal=1&from=j,AER,AEA,Economics,2025,,0,1,0
A Prescriptive Analytics Framework for Optimal Policy Deployment Using Heterogeneous Treatment Effects,https://aisel.aisnet.org/misq/vol45/iss4/10/,MISQ,AIS eLibrary,Information Systems,2020,1002,0,1,0
Theories in Flux: Reimagining Theory Building in the Age of Machine Learning,https://mason.wm.edu/news/2021/pdfs/misq-21-tremblay-kohli-forsgren-provocations.pdf,MISQ,AIS eLibrary,Information Systems,2021,,0,0,1
The Critical Challenge of using Large-Scale Digital Experiment Platforms for Scientific Discovery,https://aisel.aisnet.org/misq/vol49/iss1/5/,MISQ,AIS eLibrary,Information Systems,2025,,0,0,1
Continuous Monitoring of A/B Tests without Pain: Optional Stopping in Bayesian Testing,https://arxiv.org/pdf/1602.05549,ArXiV,ArXiV,Preprints,2016,,1,1,0
A Decision Theoretic Approach to A/B Testing,https://arxiv.org/pdf/1710.03410,ArXiV,ArXiV,Preprints,2017,,0,0,1
Why Adaptively Collected Data Have Negative Bias and How to Correct for It,https://arxiv.org/pdf/1708.01977,ArXiV,ArXiV,Preprints,2017,,0,1,0
Optimal Testing in the Experiment-rich Regime,https://arxiv.org/pdf/1805.11754,ArXiV,ArXiV,Preprints,2018,,0,0,1
"SQR: Balancing Speed, Quality and Risk in Online Experiments",https://arxiv.org/pdf/1801.08532,ArXiV,ArXiV,Preprints,2018,,1,1,0
Testing for arbitrary interference on experimentation platforms,https://arxiv.org/pdf/1704.01190,ArXiV,ArXiV,Preprints,2019,,1,1,0
What is the value of experimentation & measurement?,https://arxiv.org/pdf/1909.03457,ArXiV,ArXiV,Preprints,2019,,1,0,1
Efficient Computation of Linear Model Treatment Effects in an Experimentation Platform,https://arxiv.org/pdf/1910.01305,ArXiV,ArXiV,Preprints,2019,,1,1,0
Multiple Randomization Designs,https://arxiv.org/abs/2112.13495,ArXiV,ArXiV,Preprints,2021,,0,1,0
On Post-selection Inference in A/B Testing,https://arxiv.org/pdf/1910.03788,ArXiV,ArXiV,Preprints,2021,,1,1,0
Quantifying the Value of Iterative Experimentation,https://arxiv.org/pdf/2111.02334,ArXiV,ArXiV,Preprints,2021,,0,0,1
A Common Misassumption in Online Experiments with Machine Learning Models,https://arxiv.org/pdf/2304.10900,ArXiV,ArXiV,Preprints,2023,275,1,1,0
Always Valid Inference: Continuous Monitoring of A/B Tests,https://arxiv.org/pdf/1512.04922,ArXiV,ArXiV,Preprints,2023,,0,1,0
Anytime-Valid Confidence Sequences in an Enterprise A/B Testing Platform,https://arxiv.org/pdf/2302.10108,ArXiV,ArXiV,Preprints,2023,,1,1,0
Estimating the Value of Evidence-Based Decision Making,https://arxiv.org/abs/2306.13681,ArXiV,ArXiV,Preprints,2023,,0,0,1
Evaluating the Surrogate Index as a Decision-Making Tool Using 200 A/B Tests at Netflix,https://arxiv.org/pdf/2311.11922,ArXiV,ArXiV,Preprints,2024,,1,1,0
It’s About Time: What A/B Test Metrics Estimate,https://arxiv.org/pdf/2411.06150,ArXiV,ArXiV,Preprints,2024,,1,1,0
Optimizing Returns from Experimentation Programs,https://arxiv.org/pdf/2412.05508,ArXiV,ArXiV,Preprints,2024,,1,0,1
Post Launch Evaluation of Policies in a High-Dimensional Setting,https://arxiv.org/pdf/2501.00119,ArXiV,ArXiV,Preprints,2024,,0,1,0
Powerful A/B-Testing Metrics and Where to Find Them,https://arxiv.org/pdf/2407.20665,ArXiV,ArXiV,Preprints,2024,,1,1,0
Risk-aware product decisions in A/B tests with multiple metrics,https://arxiv.org/pdf/2402.11609,ArXiV,ArXiV,Preprints,2024,,1,0,1
Balancing Performance and Costs in Best Arm Identification,https://arxiv.org/pdf/2505.20583,ArXiV,ArXiV,Preprints,2025,,0,1,0
Bayesian Predictive Probabilities for Online Experimentation,https://arxiv.org/pdf/2511.06320,ArXiV,ArXiV,Preprints,2025,,1,0,1
Beyond ATE: Multi-Criteria Design for A/B Testing,https://arxiv.org/pdf/2509.05864,ArXiV,ArXiV,Preprints,2025,,0,0,1
Evaluating Decision Rules Across Many Weak Experiments,https://arxiv.org/pdf/2502.08763,ArXiV,ArXiV,Preprints,2025,,1,0,1
Ranking by Lifts: A Cost-Benefit Approach to Large-Scale A/B Tests,https://arxiv.org/pdf/2407.01036,ArXiV,ArXiV,Preprints,2025,,0,1,0
Seesaw Experimentation: A/B Tests with Spillovers,https://arxiv.org/pdf/2411.02085,ArXiV,ArXiV,Preprints,2025,,0,0,1
Straightforward Bayesian A/B testing with Dirichlet posteriors,https://arxiv.org/pdf/2508.08077,ArXiV,ArXiV,Preprints,2025,,1,1,0
Cross-Validated Causal Inference: a Modern Method to Combine Experimental and Observational Data,https://arxiv.org/pdf/2511.00727,ArXiV,ArXiV,Preprints,2025,,0,1,0
Choosing What to Learn: Experimental Design when Combining Experimental with Observational Evidence,https://arxiv.org/pdf/2510.23434,ArXiV,ArXiV,Preprints,2025,,0,1,0
Robust Experimental Design via Generalised Bayesian Inference,https://arxiv.org/pdf/2511.07671,ArXiV,ArXiV,Preprints,2025,,0,1,0
The Identification Power of Combining Experimental and Observational Data for Distributional Treatment Effect Parameters∗,https://arxiv.org/pdf/2508.12206,ArXiV,ArXiV,Preprints,2025,,0,1,0
The Bias-Variance Tradeoff in Long-Term Experimentation,https://arxiv.org/pdf/2511.02792,ArXiV,ArXiV,Preprints,2025,,1,0,1
Collective Experimentation with Correlated Payoffs,https://arxiv.org/pdf/2510.16608,ArXiV,ArXiV,Preprints,2025,,0,0,1
Strategic Experimentation,https://onlinelibrary.wiley.com/doi/10.1111/1468-0262.00022,Econometrica,Econometrica,Economics,2003,,0,0,1
Experimentation and Approval Mechanisms,https://onlinelibrary.wiley.com/doi/10.3982/ECTA17021,Econometrica,Econometrica,Economics,2022,249,0,0,1
Optimal Dynamic Information Acquisition,https://onlinelibrary.wiley.com/doi/10.3982/ECTA17787,Econometrica,Econometrica,Economics,2022,,0,1,0
"Online Experimentation: Benefits, Operational and Methodological Challenges, and Scaling Guide",https://hdsr.mitpress.mit.edu/pub/aj31wj81/release/1,Harvard Data Science Review,Google scholar,Industry,2022,,0,0,1
A framework for Multi-A(rmed)/B(andit) Testing with Online FDR Control,https://proceedings.neurips.cc/paper_files/paper/2017/file/f0204e1d3ee3e4b05de4e2ddbd39e076-Paper.pdf,NeurIPS,Google: site:neuirps.cc,Computer Science,2017,,0,1,0
A Bandit Approach to Multiple Testing with False Discovery Control,https://proceedings.neurips.cc/paper_files/paper/2018/file/82cadb0649a3af4968404c9f6031b233-Paper.pdf,NeurIPS,Google: site:neuirps.cc,Computer Science,2018,,0,1,0
Variational Bayesian Optimal Experimental Design,https://proceedings.neurips.cc/paper_files/paper/2019/file/d55cbf210f175f4a37916eafe6c04f0d-Paper.pdf,NeurIPS,Google: site:neuirps.cc,Computer Science,2019,,1,1,0
A/B Testing in Dense Large-Scale Networks: Design and Inference,https://papers.neurips.cc/paper_files/paper/2020/file/1e0b802d5c0e1e8434a771ba7ff2c301-Paper.pdf,NeurIPS,Google: site:neuirps.cc,Computer Science,2020,,0,1,0
Confidence sequences for sampling without replacement,https://proceedings.neurips.cc/paper/2020/file/e96c7de8f6390b1e6c71556e4e0a4959-Paper.pdf,NeurIPS,Google: site:neuirps.cc,Computer Science,2020,,0,1,0
High-Dimensional Contextual Policy Search with Unknown Context Rewards using Bayesian Optimization,https://proceedings.neurips.cc/paper/2020/file/faff959d885ec0ecf70741a846c34d1d-Paper.pdf,NeurIPS,Google: site:neuirps.cc,Computer Science,2020,,0,1,0
Model Selection for Production System via Automated Online Experiments,https://papers.nips.cc/paper_files/paper/2020/file/0c72cb7ee1512f800abe27823a792d03-Paper.pdf,NeurIPS,Google: site:neuirps.cc,Computer Science,2020,,1,1,0
A/B Testing for Recommender Systems in a Two-sided Marketplace,https://proceedings.neurips.cc/paper_files/paper/2021/file/32e19424b63cc63077a4031b87fb1010-Paper.pdf,NeurIPS,Google: site:neuirps.cc,Computer Science,2021,,0,1,0
Control Variates for Slate Off-Policy Evaluation,https://papers.neurips.cc/paper/2021/file/1e0b802d5c0e1e8434a771ba7ff2c301-Paper.pdf,NeurIPS,Google: site:neuirps.cc,Computer Science,2021,,0,1,0
Efficient Automated Online Experimentation with Multi-Fidelity,https://openreview.net/pdf?id=c04LDyEm-N4,NeurIPS,Google: site:neuirps.cc,Computer Science,2021,,0,1,0
Anytime-Valid Inference For Multinomial Count Data,https://proceedings.neurips.cc/paper_files/paper/2022/file/12f3bd5d2b7d93eadc1bf508a0872dc2-Paper-Conference.pdf,NeurIPS,Google: site:neuirps.cc,Computer Science,2022,,1,1,0
Markovian Interference in Experiments,https://papers.neurips.cc/paper_files/paper/2022/file/03a9a9c1e15850439653bb971a4ad4b3-Paper-Conference.pdf,NeurIPS,Google: site:neuirps.cc,Computer Science,2022,,0,1,0
Staggered Rollout Designs Enable Causal Inference Under Interference Without Network Knowledge,https://proceedings.neurips.cc/paper_files/paper/2022/file/3103b25853719847502559bf67eb4037-Paper-Conference.pdf,NeurIPS,Google: site:neuirps.cc,Computer Science,2022,,1,1,0
Experimentation for Engineers: From A/B testing to Bayesian optimization,https://ieeexplore.ieee.org/document/10280521,Book,Google: site:neuirps.cc,Computer Science,2023,442,1,1,0
Statistical Inference and A/B Testing for First-Price Pacing Equilibria,https://proceedings.mlr.press/v202/liao23a/liao23a.pdf,ICML,Google: site:neuirps.cc,Computer Science,2023,,0,1,0
Generalized Objectives in Adaptive Experiments: The Frontier between Regret and Speed,https://openreview.net/pdf?id=dfUF5EbJUj,NeurIPS,Google: site:neuirps.cc,Computer Science,2023,,0,0,1
Non-stationary Experimental Design under Linear Trends,https://proceedings.neurips.cc/paper_files/paper/2023/file/65e837e76a5308df3d5544aab6196e21-Paper-Conference.pdf,NeurIPS,Google: site:neuirps.cc,Computer Science,2023,,0,1,0
Optimized Covariance Design for AB Test on Social Network under Interference,https://proceedings.neurips.cc/paper_files/paper/2023/file/760b5def8dcb1156aac454e9c0f5f406-Paper-Conference.pdf,NeurIPS,Google: site:neuirps.cc,Computer Science,2023,,0,1,0
On Universally Optimal Algorithms for A/B Testing,https://proceedings.mlr.press/v235/wang24c.html,ICML,Google: site:neuirps.cc,Computer Science,2024,,1,1,0
Adaptive Experimentation When You Can’t Experiment,https://proceedings.neurips.cc/paper_files/paper/2024/file/dcbc5a5705565452057a8df872595d5c-Paper-Conference.pdf,NeurIPS,Google: site:neuirps.cc,Computer Science,2024,,0,1,0
Efficient Experimentation for Estimation of Continuous and Discrete Conditional Treatment Effects,https://openreview.net/pdf?id=p0JzKTdRXI,NeurIPS,Google: site:neuirps.cc,Computer Science,2024,,1,1,0
Sample Complexity Reduction via Policy Difference Estimation in Tabular Reinforcement Learning,https://proceedings.neurips.cc/paper_files/paper/2024/file/28795419a644f41ede3fa058b13fc622-Paper-Conference.pdf,NeurIPS,Google: site:neuirps.cc,Computer Science,2024,,0,1,0
Towards Efficient and Optimal Covariance-Adaptive Algorithms for Combinatorial Semi-Bandits,https://proceedings.neurips.cc/paper_files/paper/2024/file/3640a1997a4c9571cea9db2c82e1fc35-Paper-Conference.pdf,NeurIPS,Google: site:neuirps.cc,Computer Science,2024,,1,1,0
Demystifying the Paradox of Importance Sampling with an Estimated History-Dependent Behavior Policy in Off-Policy Evaluation,https://openreview.net/pdf?id=BrLuZ0HOnb,ICML,Google: site:neuirps.cc,Computer Science,2025,,0,1,0
Optimal Testing in the Experiment-rich Regime,https://proceedings.mlr.press/v89/schmit19a/schmit19a.pdf,AISTATS,Google: site:aistats,Computer Science,2019,25,0,,1
Controlled experiments for decision-making in e-Commerce search,https://ieeexplore.ieee.org/document/7363863,IEEE,IEEE,Computer Science,2015,,1,1,0
Online Experimentation Diagnosis and Troubleshooting Beyond AA Validation,https://ieeexplore.ieee.org/document/7796936,IEEE,IEEE,Computer Science,2016,,1,1,0
Pitfalls of long-term online controlled experiments,https://ieeexplore.ieee.org/document/7840744,IEEE,IEEE,Computer Science,2016,,1,1,0
Faster online experimentation by eliminating traditional A/A validation,https://ieeexplore.ieee.org/document/8258098,IEEE,IEEE,Computer Science,2017,,1,1,0
A Tool for Online Experiment-Driven Adaptation,https://ieeexplore.ieee.org/document/8599539,IEEE,IEEE,Computer Science,2018,,0,1,0
Estimation Errors in Network A/B Testing Due to Sample Variance and Model Misspecification,https://ieeexplore.ieee.org/document/8609643,IEEE,IEEE,Computer Science,2018,,0,1,0
Continuous Experimentation and A/B Testing: A Mapping Study,https://ieeexplore.ieee.org/document/8452106,IEEE,IEEE,Computer Science,2018,,0,1,0
Designing and Analyzing A/B Tests in an Online Marketplace,https://ieeexplore.ieee.org/document/8637527,IEEE,IEEE,Computer Science,2018,,1,1,0
Online Controlled Experimentation at Scale: An Empirical Survey on the Current State of A/B Testing,https://ieeexplore.ieee.org/document/8498188,IEEE,IEEE,Computer Science,2018,,0,1,0
Spot the Difference: Your Bucket is Leaking : A Novel Methodology to Expose A/B Testing Effortlessly,https://ieeexplore.ieee.org/document/8433122,IEEE,IEEE,Computer Science,2018,,0,1,0
The Anatomy of a Large-Scale Experimentation Platform,https://ieeexplore.ieee.org/document/8417111,IEEE,IEEE,Computer Science,2018,,1,0,1
Enterprise-Level Controlled Experiments at Scale: Challenges and Solutions,https://ieeexplore.ieee.org/document/8906760,IEEE,IEEE,Computer Science,2019,,1,1,0
Scalable Data Reporting Platform for A/B Tests,https://ieeexplore.ieee.org/document/8819471,IEEE,IEEE,Computer Science,2019,,1,0,1
Three Key Checklists and Remedies for Trustworthy Analysis of Online Controlled Experiments at Scale,https://ieeexplore.ieee.org/document/8804459,IEEE,IEEE,Computer Science,2019,,0,1,0
It takes a Flywheel to Fly: Kickstarting and Growing the A/B testing Momentum at Scale,https://ieeexplore.ieee.org/document/9582567,IEEE,IEEE,Computer Science,2021,,1,1,0
Validation of A/B tests using Machine Data Learning Techniques,https://ieeexplore.ieee.org/document/9708063,IEEE,IEEE,Computer Science,2021,,0,1,0
Challenges in Applying Continuous Experimentation: A Practitioners' Perspective,https://ieeexplore.ieee.org/document/9793934,IEEE,IEEE,Computer Science,2022,,0,0,1
Optimizing Experimentation Time in A/B Testing: An Analysis of Two-Part Tests and Upper Bounding Techniques,https://ieeexplore.ieee.org/document/10263054,IEEE,IEEE,Computer Science,2023,,1,1,0
A/B Integrations: 7 Lessons Learned from Enabling A/B testing as a Product Feature,https://ieeexplore.ieee.org/document/10172605,IEEE,IEEE,Computer Science,2023,,1,1,0
Optimizing Experimentation Time in A/B Testing: An Analysis of Two-Part Tests and Upper Bounding Techniques,https://ieeexplore.ieee.org/document/10263054,IEEE,IEEE,Computer Science,2023,,0,1,0
Bayesian A/B Testing with Covariates,https://ieeexplore.ieee.org/document/10415834,IEEE,IEEE,Computer Science,2023,,1,1,0
A/B Testing and Audience Creation for Effective Digital Marketing: Evidences from Facebook Analytics,https://ieeexplore.ieee.org/document/10112086,IEEE,IEEE,Computer Science,2023,,0,1,0
Cost-Effective A/B Testing: Leveraging Go and Python for Efficient Experimentation in Hermes Testing Platform,https://ieeexplore.ieee.org/document/10543437,IEEE,IEEE,Computer Science,2024,265,0,1,0
A/B Testing-Based Decision-Making for Recommendation Systems,https://ieeexplore.ieee.org/document/10990099,IEEE,IEEE,Computer Science,2024,,0,1,0
Automating Pipelines of A/B Tests with Population Split Using Self-Adaptation and Machine Learning,https://ieeexplore.ieee.org/document/10556384,IEEE,IEEE,Computer Science,2024,,0,1,0
Improvements to sequential approaches in A/B testing,https://ieeexplore.ieee.org/document/11139233,IEEE,IEEE,Computer Science,2025,,0,1,0
Martingale Stopping Rule Application in Bayesian A/B Testing With Batch Data,https://ieeexplore.ieee.org/document/11028057,IEEE,IEEE,Computer Science,2025,,0,1,0
Relative Uplift in Online Experimentation,https://ieeexplore.ieee.org/document/11019181,IEEE,IEEE,Computer Science,2025,,0,1,0
Understanding the Determinants of Firms’ Usage of A/B Testing: A Technology–Organization– Environment Framework,https://ieeexplore.ieee.org/document/10844058,IEEE,IEEE,Computer Science,2025,,0,0,1
Sequential Testing in Product Development,https://pubsonline.informs.org/doi/10.1287/mnsc.47.2.308.9838,Management Science,INFORMS,Operations Research,2001,,0,0,1
The Mixed Effects of Inconsistency on Experimentation in Organizations,https://pubsonline.informs.org/doi/10.1287/orsc.1040.0076,Organization Science,INFORMS,Organizational Behavior,2004,,0,1,0
Research Note—On Managerially Efficient Experimental Designs,https://pubsonline.informs.org/doi/10.1287/mksc.1060.0244,Management Science,INFORMS,Marketing,2007,,0,1,0
Information Technology and Organizational Learning: An Investigation of Exploration and Exploitation Processes,https://pubsonline.informs.org/doi/10.1287/orsc.1070.0286,Organization Science,INFORMS,Organizational Behavior,2007,,0,1,0
Near-Term Liability of Exploitation: Exploration and Exploitation in Multistage Problems,https://pubsonline.informs.org/doi/10.1287/orsc.1080.0376,Organization Science,INFORMS,Organizational Behavior,2008,,0,1,0
The Knowledge-Gradient Policy for Correlated Normal Beliefs,https://pubsonline.informs.org/doi/10.1287/ijoc.1080.0314,INFORMS Journal on Computing,INFORMS,Operations Research,2009,,0,0,1
The Knowledge Gradient Algorithm for a General Class of Online Learning Problems,https://pubsonline.informs.org/doi/10.1287/opre.1110.0999,Operations Research,INFORMS,Operations Research,2012,,0,1,0
Complexity and Approximation Results for the Balance Optimization Subset Selection Model for Causal Inference in Observational Studies,https://pubsonline.informs.org/doi/10.1287/ijoc.2013.0583,INFORMS Journal on Computing,INFORMS,Operations Research,2014,,0,1,0
Personalization and Recommender Systems,https://pubsonline.informs.org/doi/10.1287/educ.1080.0044,INFORMS TutORials in Operations Research,INFORMS,Operations Research,2014,,0,1,0
Experimental Designs and Estimation for Online Display Advertising Attribution in Marketplaces,https://pubsonline.informs.org/doi/10.1287/mksc.2016.0982,Marketing Science,INFORMS,Marketing,2016,,0,1,0
Reinforcement Learning in Robust Markov Decision Processes,https://pubsonline.informs.org/doi/10.1287/moor.2016.0779,Mathematics of Operations Research,INFORMS,Operations Research,2016,,0,1,0
Customer Acquisition via Display Advertising Using Multi-Armed Bandit Experiments,https://pubsonline.informs.org/doi/10.1287/mksc.2016.1023,Marketing Science,INFORMS,Marketing,2017,,0,1,0
OM Forum—Causal Inference Models in Operations Management,https://pubsonline.informs.org/doi/10.1287/msom.2017.0659,MSOM,INFORMS,Operations Research,2017,,0,1,0
Identifying Exceptional Responders in Randomized Trials: An Optimization Approach,https://pubsonline.informs.org/doi/10.1287/ijoo.2018.0006,INFORMS journal on optimization,INFORMS,Operations Research,2019,15,0,1,0
Optimal Prescriptive Trees,https://pubsonline.informs.org/doi/10.1287/ijoo.2018.0005,INFORMS journal on optimization,INFORMS,Operations Research,2019,,0,1,0
A Comparison of Approaches to Advertising Measurement: Evidence from Big Field Experiments at Facebook,https://pubsonline.informs.org/doi/10.1287/mksc.2018.1135,Marketing Science,INFORMS,Marketing,2019,,0,1,0
Test & Roll: Profit-Maximizing A/B Tests,https://pubsonline.informs.org/doi/10.1287/mksc.2019.1194,Marketing Science,INFORMS,Marketing,2019,,0,0,1
Covariate-Adaptive Optimization in Online Clinical Trials,https://pubsonline.informs.org/doi/10.1287/opre.2018.1818,Operations Research,INFORMS,Operations Research,2019,,0,1,0
Online Decision Making with High-Dimensional Covariates,https://pubsonline.informs.org/doi/10.1287/opre.2019.1902,Operations Research,INFORMS,Operations Research,2019,,0,1,0
Optimal Exploration–Exploitation in a Multi-armed Bandit Problem with Non-stationary Rewards),https://pubsonline.informs.org/doi/10.1287/stsy.2019.0033,Stochastic systems,INFORMS,Operations Research,2019,,0,1,0
Beyond Overall Treatment Effects: Leveraging Covariates in Randomized Experiments Guided by Causal Structure,https://pubsonline.informs.org/doi/10.1287/isre.2020.0938,Information Systems Research (ISR),INFORMS,Information Systems,2020,124,0,1,0
Mostly Exploration-Free Algorithms for Contextual Bandits,https://pubsonline.informs.org/doi/10.1287/mnsc.2020.3605,Management Science,INFORMS,Operations Research,2020,,0,1,0
Near-Optimal A-B Testing,https://pubsonline.informs.org/doi/10.1287/mnsc.2019.3424,Management Science,INFORMS,Operations Research,2020,,0,1,0
Approximation Algorithms for D-optimal Design,https://pubsonline.informs.org/doi/10.1287/moor.2019.1041,Mathematics of Operations Research,INFORMS,Operations Research,2020,,0,1,0
Simple Bayesian Algorithms for Best-Arm Identification,https://pubsonline.informs.org/doi/10.1287/opre.2019.1911,Operations Research,INFORMS,Operations Research,2020,,0,1,0
Empirical Q-Value Iteration,https://pubsonline.informs.org/doi/10.1287/stsy.2019.0062,Stochastic systems,INFORMS,Operations Research,2020,7,0,1,0
Min-Max Optimal Design of Two-Armed Trials with Side Information,https://pubsonline.informs.org/doi/10.1287/ijoc.2021.1068,INFORMS Journal on Computing,INFORMS,Operations Research,2021,,0,1,0
Experimenting in Equilibrium,https://pubsonline.informs.org/doi/10.1287/mnsc.2020.3844,Management Science,INFORMS,Operations Research,2021,,0,1,0
Diffusion Approximations for a Class of Sequential Experimentation Problems,https://pubsonline.informs.org/doi/10.1287/mnsc.2021.4195,Management Science,INFORMS,Operations Research,2021,,0,1,0
Bayesian Meta-Prior Learning Using Empirical Bayes,https://pubsonline.informs.org/doi/10.1287/mnsc.2021.4136,Management Science,INFORMS,Operations Research,2021,,0,1,0
An Instrumental Variable Forest Approach for Detecting Heterogeneous Treatment Effects in Observational Studies,https://pubsonline.informs.org/doi/10.1287/mnsc.2021.4084,Management Science,INFORMS,Operations Research,2021,594,0,1,0
Always Valid Inference: Continuous Monitoring of A/B Tests,https://pubsonline.informs.org/doi/10.1287/opre.2021.2135,Operations Research,INFORMS,Operations Research,2021,317,0,1,0
Identification of Causal Mechanisms from Randomized Experiments: A Framework for Endogenous Mediation Analysis,https://pubsonline.informs.org/doi/10.1287/isre.2022.1113,Information Systems Research (ISR),INFORMS,Information Systems,2022,,0,1,0
A Computational Framework for Solving Nonlinear Binary Optimization Problems in Robust Causal Inference,https://pubsonline.informs.org/doi/10.1287/ijoc.2022.1226,INFORMS Journal on Computing,INFORMS,Operations Research,2022,,0,1,0
Causal Rule Sets for Identifying Subgroups with Enhanced Treatment Effects,https://pubsonline.informs.org/doi/10.1287/ijoc.2021.1143,INFORMS Journal on Computing,INFORMS,Operations Research,2022,,0,1,0
A Robust Approach to Quantifying Uncertainty in Matching Problems of Causal Inference,https://pubsonline.informs.org/doi/10.1287/ijds.2022.0020,INFORMS Journal on Data Science,INFORMS,Information Systems,2022,11,0,1,0
Achieving Reliable Causal Inference with Data-Mined Variables: A Random Forest Approach to the Measurement Error Problem,https://pubsonline.informs.org/doi/10.1287/ijds.2022.0019,INFORMS Journal on Data Science,INFORMS,Information Systems,2022,,0,1,0
Causal Decision Making and Causal Effect Estimation Are Not the Same…and Why It Matters,https://pubsonline.informs.org/doi/10.1287/ijds.2021.0006,INFORMS Journal on Data Science,INFORMS,Information Systems,2022,,0,1,0
Ensemble Experiments to Optimize Interventions Along the Customer Journey: A Reinforcement Learning Approach,https://pubsonline.informs.org/doi/10.1287/mnsc.2023.4914,Management Science,INFORMS,Information Systems,2022,594,0,1,0
Experimental Design in Two-Sided Platforms: An Analysis of Bias,https://pubsonline.informs.org/doi/10.1287/mnsc.2021.4247,Management Science,INFORMS,Operations Research,2022,,0,1,0
Design and Analysis of Switchback Experiments,https://pubsonline.informs.org/doi/10.1287/mnsc.2022.4583,Management Science,INFORMS,Operations Research,2022,,0,1,0
Experimental Design in Two-Sided Platforms: An Analysis of Bias,https://pubsonline.informs.org/doi/10.1287/mnsc.2021.4247,Management Science,INFORMS,Operations Research,2022,,0,1,0
A Multiarmed Bandit Approach for House Ads Recommendations,https://pubsonline.informs.org/doi/10.1287/mksc.2022.1378,Marketing Science,INFORMS,Marketing,2022,,0,1,0
Close Enough? A Large-Scale Exploration of Non-Experimental Approaches to Advertising Measurement,https://pubsonline.informs.org/doi/10.1287/mksc.2022.1413,Marketing Science,INFORMS,Marketing,2022,,0,1,0
Optimal Price Targeting,https://pubsonline.informs.org/doi/10.1287/mksc.2022.1387,Marketing Science,INFORMS,Marketing,2022,,0,1,0
"Debiasing In-Sample Policy Performance for Small-Data, Large-Scale Optimization",https://pubsonline.informs.org/doi/10.1287/opre.2022.2377,Operations Research,INFORMS,Operations Research,2022,,0,1,0
Offline Multi-Action Policy Learning: Generalization and Optimization,https://pubsonline.informs.org/doi/10.1287/opre.2022.2271,Operations Research,INFORMS,Operations Research,2022,,0,1,0
D-Optimal Data Fusion: Exact and Approximation Algorithms,https://pubsonline.informs.org/doi/10.1287/ijoc.2022.0235,INFORMS Journal on Computing,INFORMS,Operations Research,2023,,0,1,0
Correlated Cluster-Based Randomized Experiments: Robust Variance Minimization,https://pubsonline.informs.org/doi/10.1287/mnsc.2021.02741,Management Science,INFORMS,Operations Research,2023,,0,1,0
Targeting for Long-Term Outcomes,https://pubsonline.informs.org/doi/10.1287/mnsc.2023.4881,Management Science,INFORMS,Marketing,2023,,0,1,0
Optimal Experimental Design for Staggered Rollouts,https://pubsonline.informs.org/doi/10.1287/mnsc.2023.4928,Management Science,INFORMS,Operations Research,2023,,0,1,0
Policy Learning with Adaptively Collected Data,https://pubsonline.informs.org/doi/10.1287/mnsc.2023.4921,Management Science,INFORMS,Operations Research,2023,,0,1,0
Treatment Effect Risk: Bounds and Inference,https://pubsonline.informs.org/doi/10.1287/mnsc.2023.4819,Management Science,INFORMS,Operations Research,2023,,0,1,0
Weak Signal Asymptotics for Sequentially Randomized Experiments,https://pubsonline.informs.org/doi/10.1287/mnsc.2023.4964,Management Science,INFORMS,Operations Research,2023,,0,1,0
A Bias Correction Approach for Interference in Ranking Experiments,https://pubsonline.informs.org/doi/10.1287/mksc.2022.0046,Marketing Science,INFORMS,Marketing,2023,163,0,1,0
Combining Observational and Experimental Data to Improve Efficiency Using Imperfect Instruments,https://pubsonline.informs.org/doi/10.1287/mksc.2020.0435,Marketing Science,INFORMS,Marketing,2023,,0,1,0
The Design and Targeting of Compliance Promotions,https://pubsonline.informs.org/doi/10.1287/mksc.2022.1420,Marketing Science,INFORMS,Marketing,2023,,0,1,0
A General Framework for Bandit Problems Beyond Cumulative Objectives,https://pubsonline.informs.org/doi/10.1287/moor.2022.1335,Mathematics of Operations Research,INFORMS,Operations Research,2023,74,0,1,0
An Investigation of p-Hacking in E-Commerce A/B Testing,https://pubsonline.informs.org/doi/10.1287/isre.2024.0872,Information Systems Research (ISR),INFORMS,Information Systems,2025,,0,0,1
Calibration of Heterogeneous Treatment Effects in Randomized Experiments,https://pubsonline.informs.org/doi/10.1287/isre.2021.0343,Information Systems Research (ISR),INFORMS,Information Systems,2024,,0,1,0
Experimental Design for Causal Inference Through an Optimization Lens,https://pubsonline.informs.org/doi/10.1287/educ.2024.0277,INFORMS TutORials in Operations Research,INFORMS,Operations Research,2024,35,0,1,0
Reducing Interference Bias in Online Marketplace Experiments Using Cluster Randomization: Evidence from a Pricing Meta-experiment on Airbnb,https://pubsonline.informs.org/doi/10.1287/mnsc.2020.01157,Management Science,INFORMS,Information Systems,2024,,0,1,0
Reducing Marketplace Interference Bias via Shadow Prices,https://pubsonline.informs.org/doi/10.1287/mnsc.2022.01881,Management Science,INFORMS,Operations Research,2024,,0,1,0
"Discovering Causal Models with Optimization: Confounders, Cycles, and Instrument Validity",https://pubsonline.informs.org/doi/10.1287/mnsc.2021.02066,Management Science,INFORMS,Operations Research,2024,,0,1,0
Multi-armed Bandit Experimental Design: Online Decision-Making and Adaptive Inference,https://pubsonline.informs.org/doi/10.1287/mnsc.2023.00492,Management Science,INFORMS,Operations Research,2024,,0,1,0
"Nonstationary A/B Tests: Optimal Variance Reduction, Bias Correction, and Valid Inference",https://pubsonline.informs.org/doi/10.1287/mnsc.2022.01205,Management Science,INFORMS,Operations Research,2024,,0,1,0
Pigeonhole Design: Balancing Sequential Experiments from an Online Matching Perspective,https://pubsonline.informs.org/doi/10.1287/mnsc.2023.02184,Management Science,INFORMS,Operations Research,2024,,0,1,0
Treatment Allocation with Strategic Agents,https://pubsonline.informs.org/doi/10.1287/mnsc.2022.01629,Management Science,INFORMS,Operations Research,2024,,0,1,0
Doing More with Less: Overcoming Ineffective Long-Term Targeting Using Short-Term Signals,https://pubsonline.informs.org/doi/10.1287/mksc.2022.0379,Marketing Science,INFORMS,Marketing,2024,,0,1,0
Latent Stratification for Incrementality Experiments,https://pubsonline.informs.org/doi/10.1287/mksc.2022.0297,Marketing Science,INFORMS,Marketing,2024,,0,1,0
Multiobjective Personalization of Marketing Interventions,https://pubsonline.informs.org/doi/10.1287/mksc.2023.0122,Marketing Science,INFORMS,Marketing,2024,,0,1,0
Online Causal Inference for Advertising in Real-Time Bidding Auctions,https://pubsonline.informs.org/doi/10.1287/mksc.2022.0406,Marketing Science,INFORMS,Marketing,2024,,0,1,0
Parallel Experimentation and Competitive Interference on Online Advertising Platforms,https://pubsonline.informs.org/doi/10.1287/mksc.2022.0194,Marketing Science,INFORMS,Marketing,2024,,0,1,0
Randomized Assortment Optimization,https://pubsonline.informs.org/doi/10.1287/opre.2022.0129,Operations Research,INFORMS,Operations Research,2024,,0,1,0
Cautious Exploitation: Learning and Search in Problems of Evaluation and Discovery,https://pubsonline.informs.org/doi/10.1287/orsc.2023.17538,Organization Science,INFORMS,Organizational Behavior,2024,142,0,1,0
Observational vs. Experimental Data When Making Automated Decisions Using Machine Learning,https://pubsonline.informs.org/doi/10.1287/ijds.2023.0012,INFORMS Journal on Data Science,INFORMS,Information Systems,2025,,0,1,0
Observational vs. Experimental Data When Making Automated Decisions Using Machine Learning,https://pubsonline.informs.org/doi/10.1287/ijds.2023.0012,INFORMS Journal on Data Science,INFORMS,Information Systems,2025,,0,1,0
A Sample Size Calculation for Training and Certifying Targeting Policies,https://pubsonline.informs.org/doi/10.1287/mnsc.2022.02947,Management Science,INFORMS,Marketing,2025,904,0,1,0
Getting the Most Out of A/B Tests Using the Asymptotic Minimax-Regret Criteria,https://pubsonline.informs.org/doi/10.1287/mnsc.2024.06590,Management Science,INFORMS,Marketing,2025,,0,0,1
False Discovery in A/B Testing,https://pubsonline.informs.org/doi/10.1287/mnsc.2021.4207,Management Science,INFORMS,Marketing,2021,,0,0,1
Multicell Experiments for Marginal Treatment Effect Estimation of Digital Ads,https://pubsonline.informs.org/doi/10.1287/mnsc.2023.01185,Management Science,INFORMS,Marketing,2025,,0,1,0
"Pricing Experimental Design: Causal Effect, Expected Revenue and Tail Risk",https://pubsonline.informs.org/doi/10.1287/mnsc.2023.03209,Management Science,INFORMS,Operations Research,2025,,0,0,1
Efficient Switchback Experiments with Surrogate Variables: Estimation and Experimental Design,https://pubsonline.informs.org/doi/10.1287/mnsc.2023.03818,Management Science,INFORMS,Operations Research,2025,,0,1,0
LOLA: LLM-Assisted Online Learning Algorithm for Content Experiments,https://pubsonline.informs.org/doi/10.1287/mksc.2024.0990,Marketing Science,INFORMS,Marketing,2025,,0,1,0
Algorithms for Budget-Constrained D-Optimal Design,https://pubsonline.informs.org/doi/10.1287/moor.2024.0467,Mathematics of Operations Research,INFORMS,Operations Research,2025,,0,1,0
A Two-Part Machine Learning Approach to Characterizing Network Interference in A/B Testing,https://pubsonline.informs.org/doi/10.1287/msom.2023.0462,MSOM,INFORMS,Operations Research,2025,81,0,1,0
Asynchronous Online Testing of Multiple Hypotheses,https://jmlr.org/papers/volume22/19-910/19-910.pdf,Journal of Machine Learning Research,Journal of Machine Learning Research,Computer Science,2021,,0,1,0
An Online Sequential Test for Qualitative Treatment Effects,https://www.jmlr.org/papers/volume25/22-0192/22-0192.pdf,Journal of Machine Learning Research,Journal of Machine Learning Research,Computer Science,2024,695,0,1,0
Cluster-Adaptive Network A/B Testing: From Randomization to Estimation,https://www.jmlr.org/papers/v25/22-0192.html,Journal of Machine Learning Research,Journal of Machine Learning Research,Computer Science,2024,,0,1,0
Experimental Cost of Information,https://www.jstor.org/stable/27180704?searchText=%28%28experiment%29%20OR%20%28regret%29%20OR%20%28A%2FB%20test%29%20OR%20%28bandit%29%20OR%20%28causal%29%20OR%20%28evaluation%29%20OR%20%28online%20controlled%29%20OR%20%28treatment%29%20OR%20%28decision%29%29%20NOT%20%28%20%28evidence%20from%29%20OR%20%28systematic%29%20OR%20%28meta%20analysis%29%29&searchUri=%2Faction%2FdoBasicSearch%3FQuery%3D%2528%2528experiment%2529%2BOR%2B%2528regret%2529%2BOR%2B%2528A%252FB%2Btest%2529%2BOR%2B%2528bandit%2529%2BOR%2B%2528causal%2529%2BOR%2B%2528evaluation%2529%2BOR%2B%2528online%2Bcontrolled%2529%2BOR%2B%2528treatment%2529%2BOR%2B%2528decision%2529%2529%2BNOT%2B%2528%2B%2528evidence%2Bfrom%2529%2BOR%2B%2528systematic%2529%2BOR%2B%2528meta%2Banalysis%2529%2529%26so%3Drel%26sd%3D2020%26ed%3D2025%26efqs%3DeyJkaXNjIjpbImMzUmhkR2x6ZEdsamN5MWthWE5qYVhCc2FXNWwiLCJiV0Z5YTJGa2RtVnlkQzFrYVhOamFYQnNhVzVsIiwiYldGdWIzSm5ZbVZvWVMxa2FYTmphWEJzYVc1bCIsIlpXTnZibTl0YVdOekxXUnBjMk5wY0d4cGJtVT0iLCJZblZ6YVc1bGMzTXRaR2x6WTJsd2JHbHVaUT09Il0sImN0eSI6WyJhbTkxY201aGJBPT0iXX0%253D%26pagemark%3DeyJwYWdlIjo0LCJzdGFydCI6NzUsInRvdGFsIjozODY1fQ%253D%253D%26groupefq%3DWyJjb250cmlidXRlZF92aWRlbyIsInNlYXJjaF9jaGFwdGVyIiwibXBfcmVzZWFyY2hfcmVwb3J0X3BhcnQiLCJjb250cmlidXRlZF9hdWRpbyIsInJldmlldyIsInNlYXJjaF9hcnRpY2xlIiwicmVzZWFyY2hfcmVwb3J0IiwiY29udHJpYnV0ZWRfdGV4dCJd&ab_segments=0%2Fspellcheck_basic_search%2Ftest&refreqid=fastly-default%3Abb157a6b13abf642785f0ca782ef7a72,AER,JSTOR,Economics,2022,3865,0,0,1
Online field experiments: a selective survey of methods,https://www.cambridge.org/core/journals/journal-of-the-economic-science-association/article/abs/online-field-experiments-a-selective-survey-of-methods/9BEE66E8927D50361B83D0CB4A72B43F,Journal of the Economic Science Association,JSTOR,Economics,2025,,0,1,0
ROI constrained optimal online allocation in sponsored search,https://www.nature.com/articles/s41598-024-77506-3,Nature,Nature,General Science,2024,29,0,1,0
Trustworthy Online Controlled Experiments,https://www.cambridge.org/core/books/trustworthy-online-controlled-experiments/D97B26382EB0EB2DC2019A7A7B518F59,Book,Oxford Academic,Industry,2020,2012,1,1,0
Stratification Trees for Adaptive Randomization in Randomized Controlled Trials,https://www.restud.com/stratification-trees-for-adaptive-randomization-in-randomized-controlled-trials/,Review of Economic Studies,Oxford University Press,Economics,2022,,0,1,0
Experimentation in Endogenous Organizations,https://www.restud.com/experimentation-in-endogenous-organizations/,Review of Economic Studies,Oxford University Press,Economics,2023,52,0,0,1
Policy Targeting under Network Interference,https://www.restud.com/policy-targeting-under-network-interference/,Review of Economic Studies,Oxford University Press,Economics,2024,,0,1,0
How to sample and when to stop sampling: The generalized Wald problem and minimax policies,https://www.restud.com/how-to-sample-and-when-to-stop-sampling-the-generalized-wald-problem-and-minimax-policies/,Review of Economic Studies,Oxford University Press,Economics,2025,,0,1,0
The Surrogate Index: Combining Short-Term Proxies to Estimate Long-Term Treatment Effects More Rapidly and Precisely,https://www.restud.com/the-surrogate-index-combining-short-term-proxies-to-estimate-long-term-treatment-effects-more-rapidly-and-precisely/,Review of Economic Studies,Oxford University Press,Economics,2025,,0,1,0
Improving massive experiments with threshold blocking,https://www.pnas.org/doi/10.1073/pnas.1510504113,PNAS,PNAS,General Science,2016,,0,1,0
Lasso adjustments of treatment effect estimates in randomized experiments,https://www.pnas.org/doi/10.1073/pnas.1510506113,PNAS,PNAS,General Science,2016,,0,1,0
Confidence intervals for policy evaluation in adaptive experiments,https://www.pnas.org/doi/10.1073/pnas.2014602118,PNAS,PNAS,General Science,2021,85,0,1,0
On the number of trials needed to distinguish similar alternatives,https://www.pnas.org/doi/10.1073/pnas.2202116119,PNAS,PNAS,General Science,2022,,0,1,0
On the measure of the information in a statistical experiment,https://projecteuclid.org/journals/bayesian-analysis/volume-2/issue-1/On-the-measure-of-the-information-in-a-statistical-experiment/10.1214/07-BA207.full,Bayesian Analysis,Project Euclid,Statistics,2007,384,0,0,1
"Estimating Average Causal Effects Under General Interference, with Application to a Social Network Experiment.",https://projecteuclid.org/journals/annals-of-applied-statistics/volume-11/issue-3/The-problem-of-infra-marginality-in-outcome-tests-for-discrimination/10.1214/17-AOAS1058.full,Annals of Applied Statistics,Project Euclid,Statistics,2017,,0,1,0
Design and Analysis of Experiments in Networks: Reducing Bias from Interference,https://www.degruyterbrill.com/document/doi/10.1515/jci-2015-0021/html?lang=en&srsltid=AfmBOorwKNlp3KFpuWCxgfG0BMB2TM32pqyGzKtOUViv3s6KSKL08CBV,Statistical Science,Project Euclid,Statistics,2017,,0,1,0
Principles of Experimental Design for Big Data Analysis,https://projecteuclid.org/journals/statistical-science/volume-32/issue-3/Principles-of-Experimental-Design-for-Big-Data-Analysis/10.1214/16-STS604.full,Statistical Science,Project Euclid,Statistics,2017,,0,1,0
Model-assisted design of experiments in the presence of network-correlated outcomes,https://academic.oup.com/biomet/article/105/4/849/5066791,Biometrika,Project Euclid,Statistics,2018,,0,1,0
Minimax designs for causal effects in temporal experiments with treatment habituation,google.com/search?q=Minimax+designs+for+causal+effects+in+temporal+experiments+with+treatment+habituation&rlz=1C5CHFA_enGB1092GB1092&oq=Minimax+designs+for+causal+effects+in+temporal+experiments+with+treatment+habituation&gs_lcrp=EgZjaHJvbWUyBggAEEUYOdIBBzYxOWowajSoAgCwAgA&sourceid=chrome&ie=UTF-8,Biometrika,Project Euclid,Statistics,2019,504,0,1,0
Testing for arbitrary interference on experimentation platforms,https://academic.oup.com/biomet/article/106/4/929/5578431?searchresult=1,Biometrika,Project Euclid,Statistics,2019,,0,0,1
Sequential Bayesian Experimental Design for Implicit Models via Mutual Information,https://projecteuclid.org/journals/bayesian-analysis/volume-16/issue-3/Sequential-Bayesian-Experimental-Design-for-Implicit-Models-via-Mutual-Information/10.1214/20-BA1225.full,Bayesian Analysis,Project Euclid,Statistics,2021,,0,1,0
Asymptotically optimal sequential multiple testing with asynchronous decisions,https://projecteuclid.org/journals/bernoulli/volume-31/issue-1/Asymptotically-optimal-sequential-multiple-testing-with-asynchronous-decisions/10.3150/24-BEJ1727.short,Bernoulli,Project Euclid,Statistics,2025,,0,1,0
A Bayesian Decision Theoretic Model of Sequential Experimentation with Delayed Response,https://academic.oup.com/jrsssb/article/79/5/1439/7041089?searchresult=1,JRSS:B,Royal Statistical Society,Statistics,2017,,0,1,0
Long-term causal inference under persistent confounding via data combination,https://academic.oup.com/jrsssb/article/87/2/362/7811312?searchresult=1,JRSS:B,Royal Statistical Society,Statistics,2024,,0,1,0
Policy evaluation for temporal and/or spatial dependent experiments,https://academic.oup.com/jrsssb/article/86/3/623/7511800?searchresult=1,JRSS:B,Royal Statistical Society,Statistics,2024,,0,1,0
Adaptive experiments toward learning treatment effect heterogeneity,google.com/url?q=https://academic.oup.com/jrsssb/article-abstract/87/4/1055/8037939?redirectedFrom%3Dfulltext&sa=D&source=editors&ust=1763749405975465&usg=AOvVaw2vBRgyhpLlsjWq_noXWpHG,JRSS:B,Royal Statistical Society,Statistics,2025,24,0,1,0
Unwitting Participants at Our Expense: A/B Testing and Digital Exploitation,https://journals.sagepub.com/doi/full/10.1177/00076503231212842,Business & Society,SAGE journals,Organizational Behavior,2023,,0,1,0
Where A/B Testing Goes Wrong: How Divergent Delivery Affects What Online Experiments Cannot (and Can) Tell You About How Customers Respond to Advertising,https://journals.sagepub.com/doi/abs/10.1177/00222429241275886,Journal of Marketing,SAGE journals,Marketing,2024,,0,1,0
Experimentation Culture: Defend Learning against Intellectual Laziness,https://journals.sagepub.com/doi/full/10.1177/26941058241301626,Management and Business Review,SAGE journals,Organizational Behavior,2024,,0,1,0
Methodological Pluralism and Innovation in Data-Driven Organizations*,https://journals.sagepub.com/doi/full/10.1177/00018392251313737,Administrative Science Quarterly,SAGE journals,Organizational Behavior,2025,53,0,0,1
We’re doing it live: A multi-method empirical study on continuous experimentation,https://www.sciencedirect.com/science/article/abs/pii/S0950584917302136,Information and Software Technology,ScienceDirect,Computer Science,2018,,0,1,0
Multi-armed bandits in the wild: Pitfalls and strategies in online experiments,https://www.sciencedirect.com/science/article/abs/pii/S0950584919301053,Information and Software Technology,ScienceDirect,Computer Science,2019,,0,1,0
Controlled experimentation in continuous experimentation: Knowledge and challenges,https://www.sciencedirect.com/science/article/pii/S0950584921000367,Information and Software Technology,ScienceDirect,Computer Science,2021,,0,1,0
Comparison of multi-criteria decision-making methods for online controlled experiments in a launch decision-making framework,https://www.sciencedirect.com/science/article/abs/pii/S0950584922002245,Information and Software Technology,ScienceDirect,Computer Science,2022,405,0,1,0
The A/B testing problem with Gaussian priors☆,https://www.sciencedirect.com/science/article/abs/pii/S002205312300042X,Journal of Economic Theory,ScienceDirect,Economics,2023,,0,0,1
A multi-objective evolutionary approach towards automated online controlled experiments,https://www.sciencedirect.com/science/article/abs/pii/S0164121223000985,Journal of Systems and Software,ScienceDirect,Computer Science,2023,,0,1,0
Decentralized decision-making and scaled autonomy at Spotify.,https://www.sciencedirect.com/science/article/pii/S0164121223000444,Journal of Systems and Software,ScienceDirect,Computer Science,2023,,0,0,1
A/B testing: A systematic literature review☆,https://www.sciencedirect.com/science/article/pii/S0164121224000542,Journal of Systems and Software,ScienceDirect,Computer Science,2024,,0,1,0
"Personalization and targeting: how to experiment, learn & optimize",https://www.sciencedirect.com/science/article/pii/S016781162500062X,International Journal of Research in Marketing,ScienceDirect,Marketing,2025,,0,1,0
Overcoming experimentation challenges in software ecosystems of large product and service organizations: A participatory action research study,https://www.sciencedirect.com/science/article/abs/pii/S0164121225002195,Journal of Systems and Software,ScienceDirect,Computer Science,2025,,1,1,0
Minimax and the value of information,https://link.springer.com/article/10.1007/s11238-014-9442-3,Theory and Decision,Springer,Economics,2015,,0,1,0
The value of information in stopping problems,https://link.springer.com/article/10.1007/s00199-023-01543-8,Economic Theory,Springer,Economics,2024,,0,1,0
A/B Testing with Fat Tails,https://papers.ssrn.com/sol3/papers.cfm?abstract_id=3171224,SSRN,SSRN,Preprints,2019,,0,0,1
Test & Roll: Profit-Maximizing A/B Tests,https://papers.ssrn.com/sol3/papers.cfm?abstract_id=3274875,SSRN,SSRN,Preprints,2019,,0,0,1
Limiting Bias from Test-Control Interference in Online Marketplace Experiments,https://papers.ssrn.com/sol3/papers.cfm?abstract_id=3583596,SSRN,SSRN,Preprints,2020,,0,1,0
Ensembling Experiments to Optimize Interventions along Customer Journey: A Reinforcement Learning Approach,https://papers.ssrn.com/sol3/papers.cfm?abstract_id=3939073,SSRN,SSRN,Preprints,2021,,0,1,0
A Multi-Objective Evolutionary Approach Towards Automated Online Controlled Experiments,https://papers.ssrn.com/sol3/papers.cfm?abstract_id=4252209,SSRN,SSRN,Preprints,2022,,0,1,0
A Two-Part Machine Learning Approach to Characterizing Network Interference in A/B Testing,https://papers.ssrn.com/sol3/papers.cfm?abstract_id=4212172,SSRN,SSRN,Preprints,2022,,0,1,0
"Non-stationary A/B Tests: Optimal Variance Reduction, Bias Correction, and Valid Inference",https://papers.ssrn.com/sol3/papers.cfm?abstract_id=4557431,SSRN,SSRN,Preprints,2022,,0,1,0
A/B Testing: A Systematic Literature Review,https://papers.ssrn.com/sol3/papers.cfm?abstract_id=4549495,SSRN,SSRN,Preprints,2023,,0,1,0
Asymptotically Optimal Adaptive A/B tests for Average Treatment Effect,https://papers.ssrn.com/sol3/papers.cfm?abstract_id=4642974,SSRN,SSRN,Preprints,2023,,0,1,0
Optimal Prototyping on Experimentation Platforms,https://papers.ssrn.com/sol3/papers.cfm?abstract_id=4630349,SSRN,SSRN,Preprints,2023,,0,0,1
A/B Test and Online Experiment Under Diminishing Marginal Effects: Regret Minimization and Statistical Inference,https://papers.ssrn.com/sol3/papers.cfm?abstract_id=4640583,SSRN,SSRN,Preprints,2024,,0,1,0
Large Language Model Assisted Experiment Design with Generative Human-Behavior Agents,https://papers.ssrn.com/sol3/papers.cfm?abstract_id=4874140,SSRN,SSRN,Preprints,2024,,0,1,0
Decision Analytics of Switchback Experiments: A Robust Optimization Approach,https://papers.ssrn.com/sol3/papers.cfm?abstract_id=5245482,SSRN,SSRN,Preprints,2025,,0,1,0
Designing Causal Experiments in Multiunit Enterprises with a Small Sample and Strategic Agents,https://papers.ssrn.com/sol3/papers.cfm?abstract_id=5119999,SSRN,SSRN,Preprints,2025,,0,1,0
Ranking by Lifts: A Cost-Benefit Approach to Large-Scale A/B Tests,https://papers.ssrn.com/sol3/papers.cfm?abstract_id=5124306,SSRN,SSRN,Preprints,2025,,0,1,0
The Interplay between Design and Analysis of Experiments in Complex Environments: Interference and Randomization Tests,https://papers.ssrn.com/sol3/papers.cfm?abstract_id=5239355,SSRN,SSRN,Preprints,2025,,0,1,0
Informative or Actionable? Implementation Constraints And Business Experimentation,https://papers.ssrn.com/sol3/papers.cfm?abstract_id=4945550,SSRN,SSRN,Preprints,2025,,0,0,1
A Nonparametric Bayesian Analysis of Heterogenous Treatment Effects in Digital Experimentation,https://www.tandfonline.com/doi/full/10.1080/07350015.2016.1172013,JBES,Taylor Francis,Statistics,2016,,0,1,
"Funnel testing in webpage optimisation: representation, design and analysis",https://www.tandfonline.com/doi/full/10.1080/24754269.2017.1332964,Statistical Theory and Related Fields,Taylor Francis,Statistics,2017,,0,1,0
Factorial Designs for Online Experiments,https://www.tandfonline.com/doi/full/10.1080/00401706.2019.1701556,Technometrics,Taylor Francis,Statistics,2019,,0,1,0
Dynamic Causal Effects Evaluation in A/B Testing with a Reinforcement Learning Framework,https://www.tandfonline.com/doi/full/10.1080/01621459.2022.2027776,JASA,Taylor Francis,Statistics,2022,111,0,1,0
Locally Optimal Design for A/B Tests in the Presence of Covariates and Network Dependence,https://www.tandfonline.com/doi/full/10.1080/00401706.2022.2046169,Technometrics,Taylor Francis,Statistics,2022,,0,1,0
Novelty and Primacy: A Long-Term Estimator for Online Experiments,https://www.tandfonline.com/doi/full/10.1080/00401706.2022.2124309,Technometrics,Taylor Francis,Statistics,2022,,0,1,0
Toward Optimal Variance Reduction in Online Controlled Experiments,https://www.tandfonline.com/doi/full/10.1080/00401706.2022.2142670,Technometrics,Taylor Francis,Statistics,2022,,0,1,0
Comparative Probability Metrics: Using Posterior Probabilities to Account for Practical Equivalence in A/B tests,https://www.tandfonline.com/doi/full/10.1080/00031305.2021.2000495,The American Statistician,Taylor Francis,Statistics,2022,,0,1,0
Statistical Challenges in Online Controlled Experiments: A Review of A/B Testing Methodology,https://www.tandfonline.com/doi/full/10.1080/00031305.2023.2257237,The American Statistician,Taylor Francis,Statistics,2023,,0,1,0
Rerandomization Algorithms for Optimal Designs of Network A/B Tests,https://www.tandfonline.com/doi/full/10.1080/00401706.2025.2505438,Technometrics,Taylor Francis,Statistics,2025,,0,1,0
Multi-armed bandit experiment in the online service economy,https://onlinelibrary.wiley.com/doi/10.1002/asmb.2104,Applied Stochastic Models in Business and Industry,Wiley,Operations Research,2015,126,0,1,0
Pareto Optimal Proxy Metrics,https://onlinelibrary.wiley.com/doi/10.1002/asmb.70003,Applied Stochastic Models in Business and Industry,Wiley,Statistics,2025,,0,1,0
Experimentation growth: Evolving trustworthy A/B testing capabilities in online software companies,https://onlinelibrary.wiley.com/doi/10.1002/smr.2113,Software: Evolution and Process,Wiley Online Library,Computer Science,2018,55,0,0,1
Efficient and robust sequential decision making algorithms,https://onlinelibrary.wiley.com/doi/10.1002/aaai.12186,AI Magazine,Wiley Online Library,Computer Science,2024,,0,1,0
t-Testing the Waters: Empirically Validating Assumptions for Reliable A/B-Testing,https://dl.acm.org/doi/10.1145/3705328.3759307,RecSys,,Computer Science,2025,,1,1,0
,,71,,10,,16624,110,306,49